Altium Designer Pick and Place Locations
C:\Users\Goran\Documents\Repositories\pira-smart-hardware\pira-smart-PCB\Project Outputs for pira-smart-PCB\Pick Place\Pick Place for pira-smart-pcb(V1.0 Assembly).csv

========================================================================================================================
File Design Information:

Date:       10/04/18
Time:       11:40
Revision:   Not in VersionControl
Variant:    V1.0 Assembly
Units used: mm

"Designator","Comment","Layer","Footprint","Center-X(mm)","Center-Y(mm)","Rotation","Description"
"L3","2.2�H","TopLayer","INDC2214X15N","27.300","-7.200","180","Fixed Inductors PFL2015 Shld Power 2.2 uH 20 % 1 A"
"R15","10k","TopLayer","RES0603","41.000","-12.800","360","MULTICOMP - MCMR06X103 JTL - RES, CERAMIC, 10K, 5%, 0.1W, 0603"
"J1","Jumper","TopLayer","JUMPER_NC","22.200","-20.500","270","Jumper"
"C1","10uF /16V","TopLayer","CAP0805","51.800","-14.600","270","TDK - CGA4J1X5R1C106K125AC - CAP, MLCC, X5R, 10UF, 16V, 0805"
"C2","4u7/16V","TopLayer","CAP0603","49.800","-14.800","270","MURATA - GRM188R61C475KAAJD - CAP, MLCC, X5R, 4.7UF, 16V, 0603"
"C3","47n","TopLayer","CAP0603","47.700","-13.900","270","MULTICOMP - MC0603B473K500CT - CAP, MLCC, X7R, 47NF, 50V, 0603"
"C4","10uF /16V","TopLayer","CAP0805","43.900","-5.000","90","TDK - CGA4J1X5R1C106K125AC - CAP, MLCC, X5R, 10UF, 16V, 0805"
"C5","10uF /16V","TopLayer","CAP0805","46.200","-5.000","90","TDK - CGA4J1X5R1C106K125AC - CAP, MLCC, X5R, 10UF, 16V, 0805"
"C6","10uF /16V","TopLayer","CAP0805","36.000","-16.800","180","TDK - CGA4J1X5R1C106K125AC - CAP, MLCC, X5R, 10UF, 16V, 0805"
"C7","22u","TopLayer","CAP0805","36.000","-14.600","180","MULTICOMP - MC0805X226M6R3CT - CAP, MLCC, X5R, 22UF, 0805"
"C8","22u","TopLayer","CAP0805","36.000","-12.500","180","MULTICOMP - MC0805X226M6R3CT - CAP, MLCC, X5R, 22UF, 0805"
"C9","22u","TopLayer","CAP0805","36.600","-4.100","180","MULTICOMP - MC0805X226M6R3CT - CAP, MLCC, X5R, 22UF, 0805"
"C10","22u","TopLayer","CAP0805","31.300","-4.900","90","MULTICOMP - MC0805X226M6R3CT - CAP, MLCC, X5R, 22UF, 0805"
"C11","10uF /16V","TopLayer","CAP0805","33.500","-4.900","90","TDK - CGA4J1X5R1C106K125AC - CAP, MLCC, X5R, 10UF, 16V, 0805"
"C12","100nF","TopLayer","CAP0603","41.000","-7.400","180","MURATA - GRM188R71C104KA01J - CAP, MLCC, X7R, 0.1UF, 16V, 0603"
"C13","10uF /16V","TopLayer","CAP0805","27.100","-12.800","360","TDK - CGA4J1X5R1C106K125AC - CAP, MLCC, X5R, 10UF, 16V, 0805"
"C14","10uF /16V","TopLayer","CAP0805","24.200","-7.400","90","TDK - CGA4J1X5R1C106K125AC - CAP, MLCC, X5R, 10UF, 16V, 0805"
"CON2","U.FL-R-SMT-1(10)","TopLayer","uFL_SMD_connector","58.250","-5.900","270","HIROSE(HRS) - U.FL-R-SMT-1(10) - RF COAXIAL, U.FL, STRAIGHT JACK, 50OHM"
"CON3","U.FL-R-SMT-1(10)","BottomLayer","uFL_SMD_connector","58.250","-5.900","90","HIROSE(HRS) - U.FL-R-SMT-1(10) - RF COAXIAL, U.FL, STRAIGHT JACK, 50OHM"
"CON4","BATTERY","TopLayer","1066_1066(PRIMARY)","22.787","-9.624","155","HOLDER BATT COIN COMPACT 20MM"
"D1","RS1J-E3/61T..","TopLayer","SMC/DO-214AC","31.700","-18.600","270","VISHAY - RS1J-E3/61T.. - DIODE, FAST, 1A, 600V, SMD"
"D2","LED RED","TopLayer","LED0603","56.100","-14.000","360","BROADCOM LIMITED - HSMS-C190 - LED, RED, 10MCD, 626NM"
"D3","SE30AFG-M3/6A","TopLayer","SODFL127P600-8N","43.500","-19.800","270","VISHAY - SE30AFG-M3/6A - RECTIFIER, ESD, 400V, 3A, DO-221AC"
"D4","SE30AFG-M3/6A","TopLayer","SODFL127P600-8N","48.300","-18.900","180","VISHAY - SE30AFG-M3/6A - RECTIFIER, ESD, 400V, 3A, DO-221AC"
"D5","BZT52C6V2","TopLayer","SOD123","53.900","-18.900","360","DIODES INC. - BZT52C6V2 - DIODE, ZENER, 6.2V, 0.5W, SOD-123"
"D6","3V","TopLayer","SOD-323_2L","40.600","-14.500","360","ON SEMICONDUCTOR - MM3Z3V0T1G - ZENER DIODE, 200MW, 3V, SOD-323"
"D7","LED RED","TopLayer","LED0603","4.950","-24.050","90","BROADCOM LIMITED - HSMS-C190 - LED, RED, 10MCD, 626NM"
"D8","LED RED","TopLayer","LED0603","6.800","-24.050","90","BROADCOM LIMITED - HSMS-C190 - LED, RED, 10MCD, 626NM"
"F1","3A","TopLayer","Chip2PinSM127P600-8N","36.600","-20.600","360","LITTELFUSE - MINISMDC150F/24-2 - POLYSWITCH, SMD, 1812, 1.5A"
"L1","1.5uH","TopLayer","FDSD0402","44.900","-9.800","180","MURATA - FDSD0420-H-1R5M=P3 - INDUCTOR, SHIELDED, 1.5UH, 5.1A, 20%"
"L2","1.5uH","TopLayer","FDSD0402","31.600","-9.700","180","MURATA - FDSD0420-H-1R5M=P3 - INDUCTOR, SHIELDED, 1.5UH, 5.1A, 20%"
"R1","470R","TopLayer","RES0603","56.200","-12.100","360","MULTICOMP - MCMR06X471 JTL - RES, CERAMIC, 470R, 5%, 0.1W, 0603"
"R3","5k6","TopLayer","RES0603","49.900","-4.800","90","MULTICOMP - MCMR06X5601FTL - RES, CERAMIC, 5K6, 1%, 0.1W, 0603"
"R4","0R","TopLayer","RES0603","41.000","-5.700","180","BOURNS - CR0603-J/-000ELF - RES, THICK FILM, 0R, 5%, 0.1W, 0603"
"R5","3k9","TopLayer","RES0603","40.100","-16.200","360","MULTICOMP - MCWR06X3901FTL - RES, THICK FILM, 3K9, 1%, 0.1W, 0603"
"R6","10k","TopLayer","RES0603","54.900","-4.800","90","MULTICOMP - MCMR06X103 JTL - RES, CERAMIC, 10K, 5%, 0.1W, 0603"
"R7","220R","TopLayer","RES0603","51.600","-4.800","270","MULTICOMP - MCWR06X2200FTL - RES, THICK FILM, 220R, 1%, 0.1W, 0603"
"R9","10k","TopLayer","RES0603","41.000","-9.100","180","MULTICOMP - MCMR06X103 JTL - RES, CERAMIC, 10K, 5%, 0.1W, 0603"
"R10","10k","TopLayer","RES0603","41.000","-11.100","180","MULTICOMP - MCMR06X103 JTL - RES, CERAMIC, 10K, 5%, 0.1W, 0603"
"R11","0R","TopLayer","RES0603","54.900","-7.900","90","BOURNS - CR0603-J/-000ELF - RES, THICK FILM, 0R, 5%, 0.1W, 0603"
"R12","10R","TopLayer","RES0603","57.200","-18.200","270","VISHAY - RCA060310R0FKEA - RES, AUTO, THICK FILM, 10R, 1%, 0603"
"R13","33k","TopLayer","RES0603","48.200","-4.800","90","MULTICOMP - MCWR06X3302FTL - RES, THICK FILM, 33K, 1%, 0.1W, 0603"
"R14","470R","TopLayer","RES0603","53.300","-4.800","90","MULTICOMP - MCMR06X471 JTL - RES, CERAMIC, 470R, 5%, 0.1W, 0603"
"R16","100k","TopLayer","RES0603","23.600","-10.200","360","MULTICOMP - MCMR06X104 JTL - RES, CERAMIC, 100K, 5%, 0.1W, 0603"
"R17","100k","TopLayer","RES0603","24.000","-21.150","270","MULTICOMP - MCMR06X104 JTL - RES, CERAMIC, 100K, 5%, 0.1W, 0603"
"R18","100R","TopLayer","RES0603","28.200","-17.700","360","MULTICOMP - MC0063W06031100R - RES, THICK FILM, 100R, 1%, 0.063W, 0603"
"R19","100R","TopLayer","RES0603","24.000","-18.200","270","MULTICOMP - MC0063W06031100R - RES, THICK FILM, 100R, 1%, 0.063W, 0603"
"R20","100k","TopLayer","RES0603","25.800","-17.000","90","MULTICOMP - MCMR06X104 JTL - RES, CERAMIC, 100K, 5%, 0.1W, 0603"
"R21","10k","TopLayer","RES0603","7.800","-4.500","90","MULTICOMP - MCMR06X103 JTL - RES, CERAMIC, 10K, 5%, 0.1W, 0603"
"R22","10k","TopLayer","RES0603","9.500","-4.500","90","MULTICOMP - MCMR06X103 JTL - RES, CERAMIC, 10K, 5%, 0.1W, 0603"
"R23","10k","TopLayer","RES0603","11.200","-4.500","90","MULTICOMP - MCMR06X103 JTL - RES, CERAMIC, 10K, 5%, 0.1W, 0603"
"R24","4k7","TopLayer","RES0603","17.800","-12.700","360","MULTICOMP - MCMR06X4701FTL - RES, CERAMIC, 4K7, 1%, 0.1W, 0603"
"R25","4k7","TopLayer","RES0603","17.800","-11.000","360","MULTICOMP - MCMR06X4701FTL - RES, CERAMIC, 4K7, 1%, 0.1W, 0603"
"R26","0R","TopLayer","RES0603","4.400","-4.500","270","BOURNS - CR0603-J/-000ELF - RES, THICK FILM, 0R, 5%, 0.1W, 0603"
"R27","0R","TopLayer","RES0603","6.100","-4.500","270","BOURNS - CR0603-J/-000ELF - RES, THICK FILM, 0R, 5%, 0.1W, 0603"
"R28","470R","TopLayer","RES0603","4.952","-20.921","270","MULTICOMP - MCMR06X471 JTL - RES, CERAMIC, 470R, 5%, 0.1W, 0603"
"R29","470R","TopLayer","RES0603","6.802","-20.921","270","MULTICOMP - MCMR06X471 JTL - RES, CERAMIC, 470R, 5%, 0.1W, 0603"
"R30","100R","TopLayer","RES0603","17.300","-14.650","360","MULTICOMP - MC0063W06031100R - RES, THICK FILM, 100R, 1%, 0.063W, 0603"
"R31","100k","TopLayer","RES0603","20.500","-11.700","270","MULTICOMP - MCMR06X104 JTL - RES, CERAMIC, 100K, 5%, 0.1W, 0603"
"R33","100k","TopLayer","RES0603","14.875","-19.350","360","MULTICOMP - MCMR06X104 JTL - RES, CERAMIC, 100K, 5%, 0.1W, 0603"
"R34","0R","TopLayer","RES0603","23.600","-12.000","180","BOURNS - CR0603-J/-000ELF - RES, THICK FILM, 0R, 5%, 0.1W, 0603"
"T1","MMBT3904","TopLayer","SOT23127P600-8N","44.600","-14.600","0","ON SEMICONDUCTOR/FAIRCHILD - MMBT3904 - TRANSISTOR, NPN, SOT-23"
"T2","DMG6602SVT","TopLayer","TSOT26","27.600","-20.500","360","DIODES INC. - DMG6602SVT - MOSFET, NP CH, , 30V, 3.4, ATSOT23"
"T6","2N7002,215","TopLayer","SOT23127P600-8N","20.700","-15.500","360","NEXPERIA - 2N7002,215 - MOSFET,N CH, 60V,0.3A,SOT23"
"U1","BQ24296RGET","TopLayer","QFN4x4","50.600","-9.600","360","IC LI+ CHARGER PWR MGMT 24VQFN"
"U2","TPS630701RNMT","TopLayer","VQFN_TPS","37.063","-8.700","90","TEXAS INSTRUMENTS - TPS630701RNMT - DC/DC CONV, BUCK-BOOST, 2.4MHZ, VQFN-15"
"U3","TPS62740DSSR","TopLayer","SON50P200X265_HS-13N","27.300","-10.100","270","Voltage Regulators - Switching Regulators 360-nA Iq SD Cnvtr w/ Intg Load Switch"
"U4","Lora RFM95","BottomLayer","Lora_module1","46.100","-11.600","360","RFM95 ULTRA-LONG RANGE TRANSCEIV"
"U5","ISL1208IU8Z-T7A","TopLayer","TSOP65P500X110-8N","18.000","-6.700","270","IC RTC/CALENDAR I2C LP 8MSOP"
"X1","32.768KHZ","TopLayer","LFXTAL009678","21.200","-5.700","90","CRYSTAL, 32.768KHZ, 12.5PF, SMD"
"M1","MDBT40","TopLayer","PCB_MDBT40_10X18","7.800","-12.900","90","MDBT40"
